PlateID,Row,Column,Organism,Species,Genotype,Tissue,Comments
75,A,1,Cucumber,Cucumis sativus,S_P75A01__75_A1,leaf,WI7864_F2_001
75,B,1,Cucumber,Cucumis sativus,S_P75B01__75_B1,leaf,WI7864_F2_031
75,C,1,Cucumber,Cucumis sativus,S_P75C01__75_C1,leaf,WI7864_F2_051
75,D,1,Cucumber,Cucumis sativus,S_P75D01__75_D1,leaf,WI7864_F2_074
75,E,1,Cucumber,Cucumis sativus,S_P75E01__75_E1,leaf,WI7864_F2_114
75,F,1,Cucumber,Cucumis sativus,S_P75F01__75_F1,leaf,WI7864_F2_136
75,G,1,Cucumber,Cucumis sativus,S_P75G01__75_G1,leaf,WI7864_F2_163
75,H,1,Cucumber,Cucumis sativus,S_P75H01__75_H1,leaf,WI7864_F2_186
75,A,2,Cucumber,Cucumis sativus,S_P75A02__75_A2,leaf,WI7864_F2_003
75,B,2,Cucumber,Cucumis sativus,S_P75B02__75_B2,leaf,WI7864_F2_032
75,C,2,Cucumber,Cucumis sativus,S_P75C02__75_C2,leaf,WI7864_F2_054
75,D,2,Cucumber,Cucumis sativus,S_P75D02__75_D2,leaf,WI7864_F2_075
75,E,2,Cucumber,Cucumis sativus,S_P75E02__75_E2,leaf,WI7864_F2_116
75,F,2,Cucumber,Cucumis sativus,S_P75F02__75_F2,leaf,WI7864_F2_140
75,G,2,Cucumber,Cucumis sativus,S_P75G02__75_G2,leaf,WI7864_F2_164
75,H,2,Cucumber,Cucumis sativus,S_P75H02__75_H2,leaf,WI7864_F2_187
75,A,3,Cucumber,Cucumis sativus,S_P75A03__75_A3,leaf,WI7864_F2_005
75,B,3,Cucumber,Cucumis sativus,S_P75B03__75_B3,leaf,WI7864_F2_036
75,C,3,Cucumber,Cucumis sativus,S_P75C03__75_C3,leaf,WI7864_F2_056
75,D,3,Cucumber,Cucumis sativus,S_P75D03__75_D3,leaf,WI7864_F2_078
75,E,3,Cucumber,Cucumis sativus,S_P75E03__75_E3,leaf,WI7864_F2_118
75,F,3,Cucumber,Cucumis sativus,S_P75F03__75_F3,leaf,WI7864_F2_141
75,G,3,Cucumber,Cucumis sativus,S_P75G03__75_G3,leaf,WI7864_F2_165
75,H,3,Cucumber,Cucumis sativus,S_P75H03__75_H3,leaf,WI7864_F2_188
75,A,4,Cucumber,Cucumis sativus,S_P75A04__75_A4,leaf,WI7864_F2_011
75,B,4,Cucumber,Cucumis sativus,S_P75B04__75_B4,leaf,WI7864_F2_037
75,C,4,Cucumber,Cucumis sativus,S_P75C04__75_C4,leaf,WI7864_F2_058
75,D,4,Cucumber,Cucumis sativus,S_P75D04__75_D4,leaf,WI7864_F2_079
75,E,4,Cucumber,Cucumis sativus,S_P75E04__75_E4,leaf,WI7864_F2_120
75,F,4,Cucumber,Cucumis sativus,S_P75F04__75_F4,leaf,WI7864_F2_143
75,G,4,Cucumber,Cucumis sativus,S_P75G04__75_G4,leaf,WI7864_F2_170
75,H,4,Cucumber,Cucumis sativus,S_P75H04__75_H4,leaf,WI7864_F2_191
75,A,5,Cucumber,Cucumis sativus,S_P75A05__75_A5,leaf,WI7864_F2_012
75,B,5,Cucumber,Cucumis sativus,S_P75B05__75_B5,leaf,WI7864_F2_019
75,C,5,Cucumber,Cucumis sativus,S_P75C05__75_C5,leaf,WI7864_F2_060
75,D,5,Cucumber,Cucumis sativus,S_P75D05__75_D5,leaf,WI7864_F2_080
75,E,5,Cucumber,Cucumis sativus,S_P75E05__75_E5,leaf,WI7864_F2_121
75,F,5,Cucumber,Cucumis sativus,S_P75F05__75_F5,leaf,WI7864_F2_144
75,G,5,Cucumber,Cucumis sativus,S_P75G05__75_G5,leaf,WI7864_F2_171
75,H,5,Cucumber,Cucumis sativus,S_P75H05__75_H5,leaf,WI7864_F2_192
75,A,6,Cucumber,Cucumis sativus,S_P75A06__75_A6,leaf,WI7864_F2_013
75,B,6,Cucumber,Cucumis sativus,S_P75B06__75_B6,leaf,WI7864_F2_040
75,C,6,Cucumber,Cucumis sativus,S_P75C06__75_C6,leaf,WI7864_F2_061
75,D,6,Cucumber,Cucumis sativus,S_P75D06__75_D6,leaf,WI7864_F2_084
75,E,6,Cucumber,Cucumis sativus,S_P75E06__75_E6,leaf,WI7864_F2_125
75,F,6,Cucumber,Cucumis sativus,S_P75F06__75_F6,leaf,WI7864_F2_147
75,G,6,Cucumber,Cucumis sativus,S_P75G06__75_G6,leaf,WI7864_F2_175
75,H,6,Cucumber,Cucumis sativus,S_P75H06__75_H6,leaf,WI7864_F2_193
75,A,7,Cucumber,Cucumis sativus,S_P75A07__75_A7,leaf,WI7864_F2_016
75,B,7,Cucumber,Cucumis sativus,S_P75B07__75_B7,leaf,WI7864_F2_041
75,C,7,Cucumber,Cucumis sativus,S_P75C07__75_C7,leaf,WI7864_F2_062
75,D,7,Cucumber,Cucumis sativus,S_P75D07__75_D7,leaf,WI7864_F2_085
75,E,7,Cucumber,Cucumis sativus,S_P75E07__75_E7,leaf,WI7864_F2_126
75,F,7,Cucumber,Cucumis sativus,S_P75F07__75_F7,leaf,WI7864_F2_150
75,G,7,Cucumber,Cucumis sativus,S_P75G07__75_G7,leaf,WI7864_F2_177
75,H,7,Cucumber,Cucumis sativus,S_P75H07__75_H7,leaf,WI7864_F2_194
75,A,8,Cucumber,Cucumis sativus,S_P75A08__75_A8,leaf,WI7864_F2_021
75,B,8,Cucumber,Cucumis sativus,S_P75B08__75_B8,leaf,WI7864_F2_042
75,C,8,Cucumber,Cucumis sativus,S_P75C08__75_C8,leaf,WI7864_F2_063
75,D,8,Cucumber,Cucumis sativus,S_P75D08__75_D8,leaf,WI7864_F2_086
75,E,8,Cucumber,Cucumis sativus,S_P75E08__75_E8,leaf,WI7864_F2_127
75,F,8,Cucumber,Cucumis sativus,S_P75F08__75_F8,leaf,WI7864_F2_152
75,G,8,Cucumber,Cucumis sativus,S_P75G08__75_G8,leaf,WI7864_F2_180
75,H,8,Cucumber,Cucumis sativus,S_P75H08__75_H8,leaf,WI7864_F2_195
75,A,9,Cucumber,Cucumis sativus,S_P75A09__75_A9,leaf,WI7864_F2_023
75,B,9,Cucumber,Cucumis sativus,S_P75B09__75_B9,leaf,WI7864_F2_044
75,C,9,Cucumber,Cucumis sativus,S_P75C09__75_C9,leaf,WI7864_F2_066
75,D,9,Cucumber,Cucumis sativus,S_P75D09__75_D9,leaf,WI7864_F2_095
75,E,9,Cucumber,Cucumis sativus,S_P75E09__75_E9,leaf,WI7864_F2_129
75,F,9,Cucumber,Cucumis sativus,S_P75F09__75_F9,leaf,WI7864_F2_154
75,G,9,Cucumber,Cucumis sativus,S_P75G09__75_G9,leaf,WI7864_F2_183
75,H,9,Cucumber,Cucumis sativus,S_P75H09__75_H9,leaf,703
75,A,10,Cucumber,Cucumis sativus,S_P75A10__75_A10,leaf,WI7864_F2_025
75,B,10,Cucumber,Cucumis sativus,S_P75B010__75_B10,leaf,WI7864_F2_045
75,C,10,Cucumber,Cucumis sativus,S_P75C010__75_C10,leaf,WI7864_F2_068
75,D,10,Cucumber,Cucumis sativus,S_P75D010__75_D10,leaf,WI7864_F2_105
75,E,10,Cucumber,Cucumis sativus,S_P75E010__75_E10,leaf,WI7864_F2_130
75,F,10,Cucumber,Cucumis sativus,S_P75F010__75_F10,leaf,WI7864_F2_155
75,G,10,Cucumber,Cucumis sativus,S_P75G010__75_G10,leaf,WI7864_F2_184
75,H,10,Cucumber,Cucumis sativus,S_P75H010__75_H10,leaf,9930
75,A,11,Cucumber,Cucumis sativus,S_P75A11__75_A11,leaf,WI7864_F2_028
75,B,11,Cucumber,Cucumis sativus,S_P75B011__75_B11,leaf,WI7864_F2_046
75,C,11,Cucumber,Cucumis sativus,S_P75C011__75_C11,leaf,WI7864_F2_071
75,D,11,Cucumber,Cucumis sativus,S_P75D011__75_D11,leaf,WI7864_F2_112
75,E,11,Cucumber,Cucumis sativus,S_P75E011__75_E11,leaf,WI7864_F2_134
75,F,11,Cucumber,Cucumis sativus,S_P75F011__75_F11,leaf,WI7864_F2_156
75,G,11,Cucumber,Cucumis sativus,S_P75G011__75_G11,leaf,WI7864_F2_185
75,H,11,Cucumber,Cucumis sativus,S_P75H011__75_H11,leaf,703x9930 F1
75,A,12,Cucumber,Cucumis sativus,S_P75A12__75_A12,leaf,WI7864_F2_030
75,B,12,Cucumber,Cucumis sativus,S_P75B012__75_B12,leaf,WI7864_F2_048
75,C,12,Cucumber,Cucumis sativus,S_P75C012__75_C12,leaf,WI7864_F2_073
75,D,12,Cucumber,Cucumis sativus,S_P75D012__75_D12,leaf,WI7864_F2_113
75,E,12,Cucumber,Cucumis sativus,S_P75E012__75_E12,leaf,WI7864_F2_135
75,F,12,Cucumber,Cucumis sativus,S_P75F012__75_F12,leaf,WI7864_F2_157
76,A,1,Cucumber,Cucumis sativus,S_P76A01__76_A1,leaf,9930
76,B,1,Cucumber,Cucumis sativus,S_P76B01__76_B1,leaf,WI7769_F2:3_025
76,C,1,Cucumber,Cucumis sativus,S_P76C01__76_C1,leaf,WI7769_F2:3_045
76,D,1,Cucumber,Cucumis sativus,S_P76D01__76_D1,leaf,WI7769_F2:3_076
76,E,1,Cucumber,Cucumis sativus,S_P76E01__76_E1,leaf,WI7769_F2:3_103
76,F,1,Cucumber,Cucumis sativus,S_P76F01__76_F1,leaf,WI7769_F2:3_126
76,G,1,Cucumber,Cucumis sativus,S_P76G01__76_G1,leaf,WI7769_F2:3_211
76,H,1,Cucumber,Cucumis sativus,S_P76H01__76_H1,leaf,WI7769_F2:3_228
76,A,2,Cucumber,Cucumis sativus,S_P76A02__76_A2,leaf,WI7769 F1
76,B,2,Cucumber,Cucumis sativus,S_P76B02__76_B2,leaf,WI7769_F2:3_026
76,C,2,Cucumber,Cucumis sativus,S_P76C02__76_C2,leaf,WI7769_F2:3_049
76,D,2,Cucumber,Cucumis sativus,S_P76D02__76_D2,leaf,WI7769_F2:3_078
76,E,2,Cucumber,Cucumis sativus,S_P76E02__76_E2,leaf,WI7769_F2:3_104
76,F,2,Cucumber,Cucumis sativus,S_P76F02__76_F2,leaf,WI7769_F2:3_127
76,G,2,Cucumber,Cucumis sativus,S_P76G02__76_G2,leaf,WI7769_F2:3_212
76,H,2,Cucumber,Cucumis sativus,S_P76H02__76_H2,leaf,WI7769_F2:3_230
76,A,3,Cucumber,Cucumis sativus,S_P76A03__76_A3,leaf,PT108-1
76,B,3,Cucumber,Cucumis sativus,S_P76B03__76_B3,leaf,WI7769_F2:3_028
76,C,3,Cucumber,Cucumis sativus,S_P76C03__76_C3,leaf,WI7769_F2:3_051
76,D,3,Cucumber,Cucumis sativus,S_P76D03__76_D3,leaf,WI7769_F2:3_079
76,E,3,Cucumber,Cucumis sativus,S_P76E03__76_E3,leaf,WI7769_F2:3_105
76,F,3,Cucumber,Cucumis sativus,S_P76F03__76_F3,leaf,WI7769_F2:3_128
76,G,3,Cucumber,Cucumis sativus,S_P76G03__76_G3,leaf,WI7769_F2:3_215
76,H,3,Cucumber,Cucumis sativus,S_P76H03__76_H3,leaf,WI7769_F2:3_232
76,A,4,Cucumber,Cucumis sativus,S_P76A04__76_A4,leaf,WI7769_F2:3_001
76,B,4,Cucumber,Cucumis sativus,S_P76B04__76_B4,leaf,WI7769_F2:3_030
76,C,4,Cucumber,Cucumis sativus,S_P76C04__76_C4,leaf,WI7769_F2:3_054
76,D,4,Cucumber,Cucumis sativus,S_P76D04__76_D4,leaf,WI7769_F2:3_087
76,E,4,Cucumber,Cucumis sativus,S_P76E04__76_E4,leaf,WI7769_F2:3_107
76,F,4,Cucumber,Cucumis sativus,S_P76F04__76_F4,leaf,WI7769_F2:3_129
76,G,4,Cucumber,Cucumis sativus,S_P76G04__76_G4,leaf,WI7769_F2:3_217
76,H,4,Cucumber,Cucumis sativus,S_P76H04__76_H4,leaf,WI7769_F2:3_233
76,A,5,Cucumber,Cucumis sativus,S_P76A05__76_A5,leaf,WI7769_F2:3_002
76,B,5,Cucumber,Cucumis sativus,S_P76B05__76_B5,leaf,WI7769_F2:3_034
76,C,5,Cucumber,Cucumis sativus,S_P76C05__76_C5,leaf,WI7769_F2:3_055
76,D,5,Cucumber,Cucumis sativus,S_P76D05__76_D5,leaf,WI7769_F2:3_090
76,E,5,Cucumber,Cucumis sativus,S_P76E05__76_E5,leaf,WI7769_F2:3_109
76,F,5,Cucumber,Cucumis sativus,S_P76F05__76_F5,leaf,WI7769_F2:3_131
76,G,5,Cucumber,Cucumis sativus,S_P76G05__76_G5,leaf,WI7769_F2:3_218
76,H,5,Cucumber,Cucumis sativus,S_P76H05__76_H5,leaf,WI7769_F2:3_234
76,A,6,Cucumber,Cucumis sativus,S_P76A06__76_A6,leaf,WI7769_F2:3_004
76,B,6,Cucumber,Cucumis sativus,S_P76B06__76_B6,leaf,WI7769_F2:3_035
76,C,6,Cucumber,Cucumis sativus,S_P76C06__76_C6,leaf,WI7769_F2:3_056
76,D,6,Cucumber,Cucumis sativus,S_P76D06__76_D6,leaf,WI7769_F2:3_094
76,E,6,Cucumber,Cucumis sativus,S_P76E06__76_E6,leaf,WI7769_F2:3_111
76,F,6,Cucumber,Cucumis sativus,S_P76F06__76_F6,leaf,WI7769_F2:3_132
76,G,6,Cucumber,Cucumis sativus,S_P76G06__76_G6,leaf,WI7769_F2:3_220
76,H,6,Cucumber,Cucumis sativus,S_P76H06__76_H6,leaf,WI7769_F2:3_235
76,A,7,Cucumber,Cucumis sativus,S_P76A07__76_A7,leaf,WI7769_F2:3_005
76,B,7,Cucumber,Cucumis sativus,S_P76B07__76_B7,leaf,WI7769_F2:3_036
76,C,7,Cucumber,Cucumis sativus,S_P76C07__76_C7,leaf,WI7769_F2:3_060
76,D,7,Cucumber,Cucumis sativus,S_P76D07__76_D7,leaf,WI7769_F2:3_095
76,E,7,Cucumber,Cucumis sativus,S_P76E07__76_E7,leaf,WI7769_F2:3_113
76,F,7,Cucumber,Cucumis sativus,S_P76F07__76_F7,leaf,WI7769_F2:3_135
76,G,7,Cucumber,Cucumis sativus,S_P76G07__76_G7,leaf,WI7769_F2:3_221
76,H,7,Cucumber,Cucumis sativus,S_P76H07__76_H7,leaf,WI7769_F2:3_237
76,A,8,Cucumber,Cucumis sativus,S_P76A08__76_A8,leaf,WI7769_F2:3_012
76,B,8,Cucumber,Cucumis sativus,S_P76B08__76_B8,leaf,WI7769_F2:3_037
76,C,8,Cucumber,Cucumis sativus,S_P76C08__76_C8,leaf,WI7769_F2:3_061
76,D,8,Cucumber,Cucumis sativus,S_P76D08__76_D8,leaf,WI7769_F2:3_096
76,E,8,Cucumber,Cucumis sativus,S_P76E08__76_E8,leaf,WI7769_F2:3_114
76,F,8,Cucumber,Cucumis sativus,S_P76F08__76_F8,leaf,WI7769_F2:3_136
76,G,8,Cucumber,Cucumis sativus,S_P76G08__76_G8,leaf,WI7769_F2:3_222
76,H,8,Cucumber,Cucumis sativus,S_P76H08__76_H8,leaf,WI7769_F2:3_239
76,A,9,Cucumber,Cucumis sativus,S_P76A09__76_A9,leaf,WI7769_F2:3_015
76,B,9,Cucumber,Cucumis sativus,S_P76B09__76_B9,leaf,WI7769_F2:3_039
76,C,9,Cucumber,Cucumis sativus,S_P76C09__76_C9,leaf,WI7769_F2:3_064
76,D,9,Cucumber,Cucumis sativus,S_P76D09__76_D9,leaf,WI7769_F2:3_097
76,E,9,Cucumber,Cucumis sativus,S_P76E09__76_E9,leaf,WI7769_F2:3_116
76,F,9,Cucumber,Cucumis sativus,S_P76F09__76_F9,leaf,WI7769_F2:3_140
76,G,9,Cucumber,Cucumis sativus,S_P76G09__76_G9,leaf,WI7769_F2:3_224
76,H,9,Cucumber,Cucumis sativus,S_P76H09__76_H9,leaf,WI7769_F2:3_244
76,A,10,Cucumber,Cucumis sativus,S_P76A10__76_A10,leaf,WI7769_F2:3_016
76,B,10,Cucumber,Cucumis sativus,S_P76B10__76_B10,leaf,WI7769_F2:3_041
76,C,10,Cucumber,Cucumis sativus,S_P76C10__76_C10,leaf,WI7769_F2:3_067
76,D,10,Cucumber,Cucumis sativus,S_P76D10__76_D10,leaf,WI7769_F2:3_100
76,E,10,Cucumber,Cucumis sativus,S_P76E10__76_E10,leaf,WI7769_F2:3_120
76,F,10,Cucumber,Cucumis sativus,S_P76F10__76_F10,leaf,WI7769_F2:3_204
76,G,10,Cucumber,Cucumis sativus,S_P76G10__76_G10,leaf,WI7769_F2:3_226
76,H,10,Cucumber,Cucumis sativus,S_P76H10__76_H10,leaf,PT108-2
76,A,11,Cucumber,Cucumis sativus,S_P76A11__76_A11,leaf,WI7769_F2:3_018
76,B,11,Cucumber,Cucumis sativus,S_P76B11__76_B11,leaf,WI7769_F2:3_042
76,C,11,Cucumber,Cucumis sativus,S_P76C11__76_C11,leaf,WI7769_F2:3_071
76,D,11,Cucumber,Cucumis sativus,S_P76D11__76_D11,leaf,WI7769_F2:3_101
76,E,11,Cucumber,Cucumis sativus,S_P76E11__76_E11,leaf,WI7769_F2:3_121
76,F,11,Cucumber,Cucumis sativus,S_P76F11__76_F11,leaf,WI7769_F2:3_206
76,G,11,Cucumber,Cucumis sativus,S_P76G11__76_G11,leaf,WI7769_F2:3_227
76,H,11,Cucumber,Cucumis sativus,S_P76H11__76_H11,leaf,WI7769HX F1
76,A,12,Cucumber,Cucumis sativus,S_P76A12__76_A12,leaf,WI7769_F2:3_023
76,B,12,Cucumber,Cucumis sativus,S_P76B12__76_B12,leaf,WI7769_F2:3_044
76,C,12,Cucumber,Cucumis sativus,S_P76C12__76_C12,leaf,WI7769_F2:3_072
76,D,12,Cucumber,Cucumis sativus,S_P76D12__76_D12,leaf,WI7769_F2:3_102
76,E,12,Cucumber,Cucumis sativus,S_P76E12__76_E12,leaf,WI7769_F2:3_122
76,F,12,Cucumber,Cucumis sativus,S_P76F12__76_F12,leaf,WI7769_F2:3_209
77,A,1,Cucumber,Cucumis sativus,S_P77A01__77_A1,leaf,WI7769HX_F2_007
77,B,1,Cucumber,Cucumis sativus,S_P77B01__77_B1,leaf,WI7769HX_F2_019
77,C,1,Cucumber,Cucumis sativus,S_P77C01__77_C1,leaf,WI7769HX_F2_031
77,D,1,Cucumber,Cucumis sativus,S_P77D01__77_D1,leaf,WI7769HX_F2_043
77,E,1,Cucumber,Cucumis sativus,S_P77E01__77_E1,leaf,WI7769HX_F2_055
77,F,1,Cucumber,Cucumis sativus,S_P77F01__77_F1,leaf,WI7769HX_F2_067
77,G,1,Cucumber,Cucumis sativus,S_P77G01__77_G1,leaf,WI7864_PMF2_029
77,H,1,Cucumber,Cucumis sativus,S_P77H01__77_H1,leaf,WI7864_PMF2_040
77,A,2,Cucumber,Cucumis sativus,S_P77A02__77_A2,leaf,WI7769HX_F2_008
77,B,2,Cucumber,Cucumis sativus,S_P77B02__77_B2,leaf,WI7769HX_F2_020
77,C,2,Cucumber,Cucumis sativus,S_P77C02__77_C2,leaf,WI7769HX_F2_032
77,D,2,Cucumber,Cucumis sativus,S_P77D02__77_D2,leaf,WI7769HX_F2_044
77,E,2,Cucumber,Cucumis sativus,S_P77E02__77_E2,leaf,WI7769HX_F2_056
77,F,2,Cucumber,Cucumis sativus,S_P77F02__77_F2,leaf,WI7769HX_F2_068
77,G,2,Cucumber,Cucumis sativus,S_P77G02__77_G2,leaf,WI7864_PMF2_030
77,H,2,Cucumber,Cucumis sativus,S_P77H02__77_H2,leaf,WI7864_PMF2_041
77,A,3,Cucumber,Cucumis sativus,S_P77A03__77_A3,leaf,WI7769HX_F2_009
77,B,3,Cucumber,Cucumis sativus,S_P77B03__77_B3,leaf,WI7769HX_F2_021
77,C,3,Cucumber,Cucumis sativus,S_P77C03__77_C3,leaf,WI7769HX_F2_033
77,D,3,Cucumber,Cucumis sativus,S_P77D03__77_D3,leaf,WI7769HX_F2_045
77,E,3,Cucumber,Cucumis sativus,S_P77E03__77_E3,leaf,WI7769HX_F2_057
77,F,3,Cucumber,Cucumis sativus,S_P77F03__77_F3,leaf,WI7769HX_F2_069
77,G,3,Cucumber,Cucumis sativus,S_P77G03__77_G3,leaf,WI7864_PMF2_031
77,H,3,Cucumber,Cucumis sativus,S_P77H03__77_H3,leaf,WI7864_PMF2_042
77,A,4,Cucumber,Cucumis sativus,S_P77A04__77_A4,leaf,WI7769HX_F2_010
77,B,4,Cucumber,Cucumis sativus,S_P77B04__77_B4,leaf,WI7769HX_F2_022
77,C,4,Cucumber,Cucumis sativus,S_P77C04__77_C4,leaf,WI7769HX_F2_072
77,D,4,Cucumber,Cucumis sativus,S_P77D04__77_D4,leaf,WI7769HX_F2_046
77,E,4,Cucumber,Cucumis sativus,S_P77E04__77_E4,leaf,WI7769HX_F2_058
77,F,4,Cucumber,Cucumis sativus,S_P77F04__77_F4,leaf,WI7769HX_F2_070
77,G,4,Cucumber,Cucumis sativus,S_P77G04__77_G4,leaf,WI7864_PMF2_032
77,H,4,Cucumber,Cucumis sativus,S_P77H04__77_H4,leaf,WI7864_PMF2_043
77,A,5,Cucumber,Cucumis sativus,S_P77A05__77_A5,leaf,WI7769HX_F2_011
77,B,5,Cucumber,Cucumis sativus,S_P77B05__77_B5,leaf,WI7769HX_F2_023
77,C,5,Cucumber,Cucumis sativus,S_P77C05__77_C5,leaf,WI7769HX_F2_035
77,D,5,Cucumber,Cucumis sativus,S_P77D05__77_D5,leaf,WI7769HX_F2_047
77,E,5,Cucumber,Cucumis sativus,S_P77E05__77_E5,leaf,WI7769HX_F2_059
77,F,5,Cucumber,Cucumis sativus,S_P77F05__77_F5,leaf,WI7769HX_F2_071
77,G,5,Cucumber,Cucumis sativus,S_P77G05__77_G5,leaf,WI7864_PMF2_033
77,H,5,Cucumber,Cucumis sativus,S_P77H05__77_H5,leaf,WI7864_PMF2_044
77,A,6,Cucumber,Cucumis sativus,S_P77A06__77_A6,leaf,WI7769HX_F2_012
77,B,6,Cucumber,Cucumis sativus,S_P77B06__77_B6,leaf,WI7769HX_F2_024
77,C,6,Cucumber,Cucumis sativus,S_P77C06__77_C6,leaf,WI7769HX_F2_036
77,D,6,Cucumber,Cucumis sativus,S_P77D06__77_D6,leaf,WI7769HX_F2_048
77,E,6,Cucumber,Cucumis sativus,S_P77E06__77_E6,leaf,WI7769HX_F2_060
77,F,6,Cucumber,Cucumis sativus,S_P77F06__77_F6,leaf,WI7864_PMF2_022
77,G,6,Cucumber,Cucumis sativus,S_P77G06__77_G6,leaf,WI7864_PMF2_034
77,H,6,Cucumber,Cucumis sativus,S_P77H06__77_H6,leaf,WI7864_PMF2_045
77,A,7,Cucumber,Cucumis sativus,S_P77A07__77_A7,leaf,WI7769HX_F2_013
77,B,7,Cucumber,Cucumis sativus,S_P77B07__77_B7,leaf,WI7769HX_F2_025
77,C,7,Cucumber,Cucumis sativus,S_P77C07__77_C7,leaf,WI7769HX_F2_037
77,D,7,Cucumber,Cucumis sativus,S_P77D07__77_D7,leaf,WI7769HX_F2_049
77,E,7,Cucumber,Cucumis sativus,S_P77E07__77_E7,leaf,WI7769HX_F2_061
77,F,7,Cucumber,Cucumis sativus,S_P77F07__77_F7,leaf,WI7864_PMF2_023
77,G,7,Cucumber,Cucumis sativus,S_P77G07__77_G7,leaf,WI7864_PMF2_035
77,H,7,Cucumber,Cucumis sativus,S_P77H07__77_H7,leaf,WI7864_PMF2_046
77,A,8,Cucumber,Cucumis sativus,S_P77A08__77_A8,leaf,WI7769HX_F2_014
77,B,8,Cucumber,Cucumis sativus,S_P77B08__77_B8,leaf,WI7769HX_F2_026
77,C,8,Cucumber,Cucumis sativus,S_P77C08__77_C8,leaf,WI7769HX_F2_073
77,D,8,Cucumber,Cucumis sativus,S_P77D08__77_D8,leaf,WI7769HX_F2_050
77,E,8,Cucumber,Cucumis sativus,S_P77E08__77_E8,leaf,WI7769HX_F2_062
77,F,8,Cucumber,Cucumis sativus,S_P77F08__77_F8,leaf,WI7864_PMF2_024
77,G,8,Cucumber,Cucumis sativus,S_P77G08__77_G8,leaf,WI7864_PMF2_036
77,H,8,Cucumber,Cucumis sativus,S_P77H08__77_H8,leaf,WI7864_PMF2_047
77,A,9,Cucumber,Cucumis sativus,S_P77A09__77_A9,leaf,WI7769HX_F2_015
77,B,9,Cucumber,Cucumis sativus,S_P77B09__77_B9,leaf,WI7769HX_F2_027
77,C,9,Cucumber,Cucumis sativus,S_P77C09__77_C9,leaf,WI7769HX_F2_039
77,D,9,Cucumber,Cucumis sativus,S_P77D09__77_D9,leaf,WI7769HX_F2_051
77,E,9,Cucumber,Cucumis sativus,S_P77E09__77_E9,leaf,WI7769HX_F2_063
77,F,9,Cucumber,Cucumis sativus,S_P77F09__77_F9,leaf,WI7864_PMF2_025
77,G,9,Cucumber,Cucumis sativus,S_P77G09__77_G9,leaf,WI7864_PMF2_037
77,H,9,Cucumber,Cucumis sativus,S_P77H09__77_H9,leaf,WI7864_PMF2_048
77,A,10,Cucumber,Cucumis sativus,S_P77A10__77_A10,leaf,WI7769HX_F2_016
77,B,10,Cucumber,Cucumis sativus,S_P77B10__77_B10,leaf,WI7769HX_F2_028
77,C,10,Cucumber,Cucumis sativus,S_P77C10__77_C10,leaf,WI7769HX_F2_040
77,D,10,Cucumber,Cucumis sativus,S_P77D10__77_D10,leaf,WI7769HX_F2_052
77,E,10,Cucumber,Cucumis sativus,S_P77E10__77_E10,leaf,WI7769HX_F2_064
77,F,10,Cucumber,Cucumis sativus,S_P77F10__77_F10,leaf,WI7864_PMF2_026
77,G,10,Cucumber,Cucumis sativus,S_P77G10__77_G10,leaf,WI7864_PMF2_038
77,H,10,Cucumber,Cucumis sativus,S_P77H10__77_H10,leaf,WI7841_BC3F1
77,A,11,Cucumber,Cucumis sativus,S_P77A11__77_A11,leaf,WI7769HX_F2_017
77,B,11,Cucumber,Cucumis sativus,S_P77B11__77_B11,leaf,WI7769HX_F2_029
77,C,11,Cucumber,Cucumis sativus,S_P77C11__77_C11,leaf,WI7769HX_F2_041
77,D,11,Cucumber,Cucumis sativus,S_P77D11__77_D11,leaf,WI7769HX_F2_074
77,E,11,Cucumber,Cucumis sativus,S_P77E11__77_E11,leaf,WI7769HX_F2_065
77,F,11,Cucumber,Cucumis sativus,S_P77F11__77_F11,leaf,WI7864_PMF2_027
77,G,11,Cucumber,Cucumis sativus,S_P77G11__77_G11,leaf,WI7864_PMF2_039
77,H,11,Cucumber,Cucumis sativus,S_P77H11__77_H11,leaf,WI7841_BC3F1
77,A,12,Cucumber,Cucumis sativus,S_P77A12__77_A12,leaf,WI7769HX_F2_018
77,B,12,Cucumber,Cucumis sativus,S_P77B12__77_B12,leaf,WI7769HX_F2_030
77,C,12,Cucumber,Cucumis sativus,S_P77C12__77_C12,leaf,WI7769HX_F2_042
77,D,12,Cucumber,Cucumis sativus,S_P77D12__77_D12,leaf,WI7769HX_F2_054
77,E,12,Cucumber,Cucumis sativus,S_P77E12__77_E12,leaf,WI7769HX_F2_066
77,F,12,Cucumber,Cucumis sativus,S_P77F12__77_F12,leaf,WI7864_PMF2_028
78,A,1,Cucumber,Cucumis sativus,S_P78A01__78_A1,leaf,9930
78,B,1,Cucumber,Cucumis sativus,S_P78B01__78_B1,leaf,WI7416_F2:3_015
78,C,1,Cucumber,Cucumis sativus,S_P78C01__78_C1,leaf,WI7416_F2:3_029
78,D,1,Cucumber,Cucumis sativus,S_P78D01__78_D1,leaf,WI7416_F2:3_045
78,E,1,Cucumber,Cucumis sativus,S_P78E01__78_E1,leaf,WI7416_F2:3_074
78,F,1,Cucumber,Cucumis sativus,S_P78F01__78_F1,leaf,WI7416_F2:3_091
78,G,1,Cucumber,Cucumis sativus,S_P78G01__78_G1,leaf,WI7416_F2:3_110
78,H,1,Cucumber,Cucumis sativus,S_P78H01__78_H1,leaf,WI7416_F2:3_122
78,A,2,Cucumber,Cucumis sativus,S_P78A02__78_A2,leaf,F1
78,B,2,Cucumber,Cucumis sativus,S_P78B02__78_B2,leaf,WI7416_F2:3_016
78,C,2,Cucumber,Cucumis sativus,S_P78C02__78_C2,leaf,WI7416_F2:3_031
78,D,2,Cucumber,Cucumis sativus,S_P78D02__78_D2,leaf,WI7416_F2:3_047
78,E,2,Cucumber,Cucumis sativus,S_P78E02__78_E2,leaf,WI7416_F2:3_075
78,F,2,Cucumber,Cucumis sativus,S_P78F02__78_F2,leaf,WI7416_F2:3_096
78,G,2,Cucumber,Cucumis sativus,S_P78G02__78_G2,leaf,WI7416_F2:3_111
78,H,2,Cucumber,Cucumis sativus,S_P78H02__78_H2,leaf,WI7416_F2:3_125
78,A,3,Cucumber,Cucumis sativus,S_P78A03__78_A3,leaf,WI7012
78,B,3,Cucumber,Cucumis sativus,S_P78B03__78_B3,leaf,WI7416_F2:3_017
78,C,3,Cucumber,Cucumis sativus,S_P78C03__78_C3,leaf,WI7416_F2:3_032
78,D,3,Cucumber,Cucumis sativus,S_P78D03__78_D3,leaf,WI7416_F2:3_048
78,E,3,Cucumber,Cucumis sativus,S_P78E03__78_E3,leaf,WI7416_F2:3_077
78,F,3,Cucumber,Cucumis sativus,S_P78F03__78_F3,leaf,WI7416_F2:3_097
78,G,3,Cucumber,Cucumis sativus,S_P78G03__78_G3,leaf,WI7416_F2:3_112
78,H,3,Cucumber,Cucumis sativus,S_P78H03__78_H3,leaf,WI7416_F2:3_126
78,A,4,Cucumber,Cucumis sativus,S_P78A04__78_A4,leaf,WI7416_F2:3_001
78,B,4,Cucumber,Cucumis sativus,S_P78B04__78_B4,leaf,WI7416_F2:3_018
78,C,4,Cucumber,Cucumis sativus,S_P78C04__78_C4,leaf,WI7416_F2:3_033
78,D,4,Cucumber,Cucumis sativus,S_P78D04__78_D4,leaf,WI7416_F2:3_049
78,E,4,Cucumber,Cucumis sativus,S_P78E04__78_E4,leaf,WI7416_F2:3_078
78,F,4,Cucumber,Cucumis sativus,S_P78F04__78_F4,leaf,WI7416_F2:3_098
78,G,4,Cucumber,Cucumis sativus,S_P78G04__78_G4,leaf,WI7416_F2:3_113
78,H,4,Cucumber,Cucumis sativus,S_P78H04__78_H4,leaf,WI7416_F2:3_127
78,A,5,Cucumber,Cucumis sativus,S_P78A05__78_A5,leaf,WI7416_F2:3_004
78,B,5,Cucumber,Cucumis sativus,S_P78B05__78_B5,leaf,WI7416_F2:3_020
78,C,5,Cucumber,Cucumis sativus,S_P78C05__78_C5,leaf,WI7416_F2:3_035
78,D,5,Cucumber,Cucumis sativus,S_P78D05__78_D5,leaf,WI7416_F2:3_055
78,E,5,Cucumber,Cucumis sativus,S_P78E05__78_E5,leaf,WI7416_F2:3_080
78,F,5,Cucumber,Cucumis sativus,S_P78F05__78_F5,leaf,WI7416_F2:3_099
78,G,5,Cucumber,Cucumis sativus,S_P78G05__78_G5,leaf,WI7416_F2:3_114
78,H,5,Cucumber,Cucumis sativus,S_P78H05__78_H5,leaf,WI7416_F2:3_128
78,A,6,Cucumber,Cucumis sativus,S_P78A06__78_A6,leaf,WI7416_F2:3_006
78,B,6,Cucumber,Cucumis sativus,S_P78B06__78_B6,leaf,WI7416_F2:3_021
78,C,6,Cucumber,Cucumis sativus,S_P78C06__78_C6,leaf,WI7416_F2:3_036
78,D,6,Cucumber,Cucumis sativus,S_P78D06__78_D6,leaf,WI7416_F2:3_057
78,E,6,Cucumber,Cucumis sativus,S_P78E06__78_E6,leaf,WI7416_F2:3_082
78,F,6,Cucumber,Cucumis sativus,S_P78F06__78_F6,leaf,WI7416_F2:3_101
78,G,6,Cucumber,Cucumis sativus,S_P78G06__78_G6,leaf,WI7416_F2:3_115
78,H,6,Cucumber,Cucumis sativus,S_P78H06__78_H6,leaf,WI7416_F2:3_130
78,A,7,Cucumber,Cucumis sativus,S_P78A07__78_A7,leaf,WI7416_F2:3_008
78,B,7,Cucumber,Cucumis sativus,S_P78B07__78_B7,leaf,WI7416_F2:3_023
78,C,7,Cucumber,Cucumis sativus,S_P78C07__78_C7,leaf,WI7416_F2:3_037
78,D,7,Cucumber,Cucumis sativus,S_P78D07__78_D7,leaf,WI7416_F2:3_059
78,E,7,Cucumber,Cucumis sativus,S_P78E07__78_E7,leaf,WI7416_F2:3_084
78,F,7,Cucumber,Cucumis sativus,S_P78F07__78_F7,leaf,WI7416_F2:3_102
78,G,7,Cucumber,Cucumis sativus,S_P78G07__78_G7,leaf,WI7416_F2:3_116
78,H,7,Cucumber,Cucumis sativus,S_P78H07__78_H7,leaf,WI7416_F2:3_131
78,A,8,Cucumber,Cucumis sativus,S_P78A08__78_A8,leaf,WI7416_F2:3_009
78,B,8,Cucumber,Cucumis sativus,S_P78B08__78_B8,leaf,WI7416_F2:3_024
78,C,8,Cucumber,Cucumis sativus,S_P78C08__78_C8,leaf,WI7416_F2:3_039
78,D,8,Cucumber,Cucumis sativus,S_P78D08__78_D8,leaf,WI7416_F2:3_060
78,E,8,Cucumber,Cucumis sativus,S_P78E08__78_E8,leaf,WI7416_F2:3_085
78,F,8,Cucumber,Cucumis sativus,S_P78F08__78_F8,leaf,WI7416_F2:3_103
78,G,8,Cucumber,Cucumis sativus,S_P78G08__78_G8,leaf,WI7416_F2:3_117
78,H,8,Cucumber,Cucumis sativus,S_P78H08__78_H8,leaf,WI7416_F2:3_132
78,A,9,Cucumber,Cucumis sativus,S_P78A09__78_A9,leaf,WI7416_F2:3_011
78,B,9,Cucumber,Cucumis sativus,S_P78B09__78_B9,leaf,WI7416_F2:3_025
78,C,9,Cucumber,Cucumis sativus,S_P78C09__78_C9,leaf,WI7416_F2:3_041
78,D,9,Cucumber,Cucumis sativus,S_P78D09__78_D9,leaf,WI7416_F2:3_061
78,E,9,Cucumber,Cucumis sativus,S_P78E09__78_E9,leaf,WI7416_F2:3_087
78,F,9,Cucumber,Cucumis sativus,S_P78F09__78_F9,leaf,WI7416_F2:3_104
78,G,9,Cucumber,Cucumis sativus,S_P78G09__78_G9,leaf,WI7416_F2:3_118
78,H,9,Cucumber,Cucumis sativus,S_P78H09__78_H9,leaf,WI7416_F2:3_135
78,A,10,Cucumber,Cucumis sativus,S_P78A10__78_A10,leaf,WI7416_F2:3_012
78,B,10,Cucumber,Cucumis sativus,S_P78B10__78_B10,leaf,WI7416_F2:3_026
78,C,10,Cucumber,Cucumis sativus,S_P78C10__78_C10,leaf,WI7416_F2:3_042
78,D,10,Cucumber,Cucumis sativus,S_P78D10__78_D10,leaf,WI7416_F2:3_062
78,E,10,Cucumber,Cucumis sativus,S_P78E10__78_E10,leaf,WI7416_F2:3_088
78,F,10,Cucumber,Cucumis sativus,S_P78F10__78_F10,leaf,WI7416_F2:3_106
78,G,10,Cucumber,Cucumis sativus,S_P78G10__78_G10,leaf,WI7416_F2:3_119
78,H,10,Cucumber,Cucumis sativus,S_P78H10__78_H10,leaf,WI7416_F2:3_136
78,A,11,Cucumber,Cucumis sativus,S_P78A11__78_A11,leaf,WI7416_F2:3_013
78,B,11,Cucumber,Cucumis sativus,S_P78B11__78_B11,leaf,WI7416_F2:3_027
78,C,11,Cucumber,Cucumis sativus,S_P78C11__78_C11,leaf,WI7416_F2:3_043
78,D,11,Cucumber,Cucumis sativus,S_P78D11__78_D11,leaf,WI7416_F2:3_064
78,E,11,Cucumber,Cucumis sativus,S_P78E11__78_E11,leaf,WI7416_F2:3_089
78,F,11,Cucumber,Cucumis sativus,S_P78F11__78_F11,leaf,WI7416_F2:3_107
78,G,11,Cucumber,Cucumis sativus,S_P78G11__78_G11,leaf,WI7416_F2:3_121
78,H,11,Cucumber,Cucumis sativus,S_P78H11__78_H11,leaf,WI7416_F2:3_137
78,A,12,Cucumber,Cucumis sativus,S_P78A12__78_A12,leaf,WI7416_F2:3_014
78,B,12,Cucumber,Cucumis sativus,S_P78B12__78_B12,leaf,WI7416_F2:3_028
78,C,12,Cucumber,Cucumis sativus,S_P78C12__78_C12,leaf,WI7416_F2:3_044
78,D,12,Cucumber,Cucumis sativus,S_P78D12__78_D12,leaf,WI7416_F2:3_069
78,E,12,Cucumber,Cucumis sativus,S_P78E12__78_E12,leaf,WI7416_F2:3_090
78,F,12,Cucumber,Cucumis sativus,S_P78F12__78_F12,leaf,WI7416_F2:3_108
79,A,1,Cucumber,Cucumis sativus,S_P79A01__79_A1,leaf,WI7841_BC1F2_1
79,B,1,Cucumber,Cucumis sativus,S_P79B01__79_B1,leaf,WI7841_BC1F2_13
79,C,1,Cucumber,Cucumis sativus,S_P79C01__79_C1,leaf,WI7841_BC1F2_25
79,D,1,Cucumber,Cucumis sativus,S_P79D01__79_D1,leaf,WI7841_BC1F2_37
79,E,1,Cucumber,Cucumis sativus,S_P79E01__79_E1,leaf,WI7841_BC1F2_49
79,F,1,Cucumber,Cucumis sativus,S_P79F01__79_F1,leaf,WI7416_F2:3_144
79,G,1,Cucumber,Cucumis sativus,S_P79G01__79_G1,leaf,WI7416_F2:3_160
79,H,1,Cucumber,Cucumis sativus,S_P79H01__79_H1,leaf,WI7864_PMF2_011
79,A,2,Cucumber,Cucumis sativus,S_P79A02__79_A2,leaf,WI7841_BC1F2_2
79,B,2,Cucumber,Cucumis sativus,S_P79B02__79_B2,leaf,WI7841_BC1F2_14
79,C,2,Cucumber,Cucumis sativus,S_P79C02__79_C2,leaf,WI7841_BC1F2_26
79,D,2,Cucumber,Cucumis sativus,S_P79D02__79_D2,leaf,WI7841_BC1F2_38
79,E,2,Cucumber,Cucumis sativus,S_P79E2__79_E2,leaf,WI7841_BC1F2_50
79,F,2,Cucumber,Cucumis sativus,S_P79F02__79_F2,leaf,WI7416_F2:3_146
79,G,2,Cucumber,Cucumis sativus,S_P79G02__79_G2,leaf,WI7864_PMF2_001
79,H,2,Cucumber,Cucumis sativus,S_P79H02__79_H2,leaf,WI7864_PMF2_012
79,A,3,Cucumber,Cucumis sativus,S_P79A03__79_A3,leaf,WI7841_BC1F2_3
79,B,3,Cucumber,Cucumis sativus,S_P79B03__79_B3,leaf,WI7841_BC1F2_15
79,C,3,Cucumber,Cucumis sativus,S_P79C03__79_C3,leaf,WI7841_BC1F2_27
79,D,3,Cucumber,Cucumis sativus,S_P79D03__79_D3,leaf,WI7841_BC1F2_39
79,E,3,Cucumber,Cucumis sativus,S_P79E3__79_E3,leaf,WI7841_BC1F2_51
79,F,3,Cucumber,Cucumis sativus,S_P79F03__79_F3,leaf,WI7416_F2:3_147
79,G,3,Cucumber,Cucumis sativus,S_P79G03__79_G3,leaf,WI7864_PMF2_002
79,H,3,Cucumber,Cucumis sativus,S_P79H03__79_H3,leaf,WI7864_PMF2_013
79,A,4,Cucumber,Cucumis sativus,S_P79A04__79_A4,leaf,WI7841_BC1F2_4
79,B,4,Cucumber,Cucumis sativus,S_P79B04__79_B4,leaf,WI7841_BC1F2_16
79,C,4,Cucumber,Cucumis sativus,S_P79C04__79_C4,leaf,WI7841_BC1F2_28
79,D,4,Cucumber,Cucumis sativus,S_P79D04__79_D4,leaf,WI7841_BC1F2_40
79,E,4,Cucumber,Cucumis sativus,S_P79E4__79_E4,leaf,WI7841_BC1F2_52
79,F,4,Cucumber,Cucumis sativus,S_P79F04__79_F4,leaf,WI7416_F2:3_149
79,G,4,Cucumber,Cucumis sativus,S_P79G04__79_G4,leaf,WI7864_PMF2_003
79,H,4,Cucumber,Cucumis sativus,S_P79H04__79_H4,leaf,WI7864_PMF2_014
79,A,5,Cucumber,Cucumis sativus,S_P79A05__79_A5,leaf,WI7841_BC1F2_5
79,B,5,Cucumber,Cucumis sativus,S_P79B05__79_B5,leaf,WI7841_BC1F2_17
79,C,5,Cucumber,Cucumis sativus,S_P79C05__79_C5,leaf,WI7841_BC1F2_29
79,D,5,Cucumber,Cucumis sativus,S_P79D05__79_D5,leaf,WI7841_BC1F2_41
79,E,5,Cucumber,Cucumis sativus,S_P79E5__79_E5,leaf,WI7841_BC1F2_53
79,F,5,Cucumber,Cucumis sativus,S_P79F05__79_F5,leaf,WI7416_F2:3_152
79,G,5,Cucumber,Cucumis sativus,S_P79G05__79_G5,leaf,WI7864_PMF2_004
79,H,5,Cucumber,Cucumis sativus,S_P79H05__79_H5,leaf,WI7864_PMF2_015
79,A,6,Cucumber,Cucumis sativus,S_P79A06__79_A6,leaf,WI7841_BC1F2_6
79,B,6,Cucumber,Cucumis sativus,S_P79B06__79_B6,leaf,WI7841_BC1F2_18
79,C,6,Cucumber,Cucumis sativus,S_P79C06__79_C6,leaf,WI7841_BC1F2_30
79,D,6,Cucumber,Cucumis sativus,S_P79D06__79_D6,leaf,WI7841_BC1F2_42
79,E,6,Cucumber,Cucumis sativus,S_P79E6__79_E6,leaf,WI7841_BC1F2_54
79,F,6,Cucumber,Cucumis sativus,S_P79F06__79_F6,leaf,WI7416_F2:3_153
79,G,6,Cucumber,Cucumis sativus,S_P79G06__79_G6,leaf,WI7864_PMF2_005
79,H,6,Cucumber,Cucumis sativus,S_P79H06__79_H6,leaf,WI7864_PMF2_016
79,A,7,Cucumber,Cucumis sativus,S_P79A07__79_A7,leaf,WI7841_BC1F2_7
79,B,7,Cucumber,Cucumis sativus,S_P79B07__79_B7,leaf,WI7841_BC1F2_19
79,C,7,Cucumber,Cucumis sativus,S_P79C07__79_C7,leaf,WI7841_BC1F2_31
79,D,7,Cucumber,Cucumis sativus,S_P79D07__79_D7,leaf,WI7841_BC1F2_43
79,E,7,Cucumber,Cucumis sativus,S_P79E7__79_E7,leaf,WI7841_BC1F2_55
79,F,7,Cucumber,Cucumis sativus,S_P79F07__79_F7,leaf,WI7416_F2:3_154
79,G,7,Cucumber,Cucumis sativus,S_P79G07__79_G7,leaf,WI7864_PMF2_006
79,H,7,Cucumber,Cucumis sativus,S_P79H07__79_H7,leaf,WI7864_PMF2_017
79,A,8,Cucumber,Cucumis sativus,S_P79A08__79_A8,leaf,WI7841_BC1F2_8
79,B,8,Cucumber,Cucumis sativus,S_P79B08__79_B8,leaf,WI7841_BC1F2_20
79,C,8,Cucumber,Cucumis sativus,S_P79C08__79_C8,leaf,WI7841_BC1F2_32
79,D,8,Cucumber,Cucumis sativus,S_P79D08__79_D8,leaf,WI7841_BC1F2_44
79,E,8,Cucumber,Cucumis sativus,S_P79E8__79_E8,leaf,WI7841_BC1F2_56
79,F,8,Cucumber,Cucumis sativus,S_P79F08__79_F8,leaf,WI7416_F2:3_155
79,G,8,Cucumber,Cucumis sativus,S_P79G08__79_G8,leaf,WI7864_PMF2_007
79,H,8,Cucumber,Cucumis sativus,S_P79H08__79_H8,leaf,WI7864_PMF2_018
79,A,9,Cucumber,Cucumis sativus,S_P79A09__79_A9,leaf,WI7841_BC1F2_9
79,B,9,Cucumber,Cucumis sativus,S_P79B09__79_B9,leaf,WI7841_BC1F2_21
79,C,9,Cucumber,Cucumis sativus,S_P79C09__79_C9,leaf,WI7841_BC1F2_33
79,D,9,Cucumber,Cucumis sativus,S_P79D09__79_D9,leaf,WI7841_BC1F2_45
79,E,9,Cucumber,Cucumis sativus,S_P79E9__79_E9,leaf,WI7416_F2:3_139
79,F,9,Cucumber,Cucumis sativus,S_P79F09__79_F9,leaf,WI7416_F2:3_156
79,G,9,Cucumber,Cucumis sativus,S_P79G09__79_G9,leaf,WI7864_PMF2_008
79,H,9,Cucumber,Cucumis sativus,S_P79H09__79_H9,leaf,WI7864_PMF2_019
79,A,10,Cucumber,Cucumis sativus,S_P79A10__79_A10,leaf,WI7841_BC1F2_10
79,B,10,Cucumber,Cucumis sativus,S_P79B10__79_B10,leaf,WI7841_BC1F2_22
79,C,10,Cucumber,Cucumis sativus,S_P79C10__79_C10,leaf,WI7841_BC1F2_34
79,D,10,Cucumber,Cucumis sativus,S_P79D10__79_D10,leaf,WI7841_BC1F2_46
79,E,10,Cucumber,Cucumis sativus,S_P79E10__79_E10,leaf,WI7416_F2:3_140
79,F,10,Cucumber,Cucumis sativus,S_P79F10__79_F10,leaf,WI7416_F2:3_157
79,G,10,Cucumber,Cucumis sativus,S_P79G10__79_G10,leaf,WI7864_PMF2_009
79,H,10,Cucumber,Cucumis sativus,S_P79H10__79_H10,leaf,WI7864_PMF2_020
79,A,11,Cucumber,Cucumis sativus,S_P79A11__79_A11,leaf,WI7841_BC1F2_11
79,B,11,Cucumber,Cucumis sativus,S_P79B11__79_B11,leaf,WI7841_BC1F2_23
79,C,11,Cucumber,Cucumis sativus,S_P79C11__79_C11,leaf,WI7841_BC1F2_35
79,D,11,Cucumber,Cucumis sativus,S_P79D11__79_D11,leaf,WI7841_BC1F2_47
79,E,11,Cucumber,Cucumis sativus,S_P79E11__79_E11,leaf,WI7416_F2:3_141
79,F,11,Cucumber,Cucumis sativus,S_P79F11__79_F11,leaf,WI7416_F2:3_158
79,G,11,Cucumber,Cucumis sativus,S_P79G11__79_G11,leaf,WI7864_PMF2_010
79,H,11,Cucumber,Cucumis sativus,S_P79H11__79_H11,leaf,WI7864_PMF2_021
79,A,12,Cucumber,Cucumis sativus,S_P79A12__79_A12,leaf,WI7841_BC1F2_12
79,B,12,Cucumber,Cucumis sativus,S_P79B12__79_B12,leaf,WI7841_BC1F2_24
79,C,12,Cucumber,Cucumis sativus,S_P79C12__79_C12,leaf,WI7841_BC1F2_36
79,D,12,Cucumber,Cucumis sativus,S_P79D12__79_D12,leaf,WI7841_BC1F2_48
79,E,12,Cucumber,Cucumis sativus,S_P79E12__79_E12,leaf,WI7416_F2:3_142
79,F,12,Cucumber,Cucumis sativus,S_P79F12__79_F12,leaf,WI7416_F2:3_159